Rank,,Name,Age,Country,Points,Laver Cup Team
1,,Novak Djoković,35,SRB,7160,Europe
2,,Carlos Alcaraz,19,ESP,6430,Europe
3,,Stefanos Tsitsipas,24,GRE,5690,Europe
4,,Casper Ruud,24,NOR,4970,Europe
5,,Daniil Medvedev,27,RUS,4160,Europe
6,,Félix Auger-Aliassime,22,CAN,3415,World
7,,Andrey Rublev,25,RUS,3390,Europe
8,,Holger Rune,19,DEN,3290,Europe
9,,Taylor Fritz,25,USA,2895,World
10,,Jannik Sinner,21,ITA,2755,Europe
11,,Cameron Norrie,27,GBR,2735,Europe
12,,Rafael Nadal,36,ESP,2715,Europe
13,,Hubert Hurkacz,26,POL,2715,Europe
14,,Frances Tiafoe,25,USA,2630,World
15,,Karen Khachanov,26,RUS,2505,Europe
16,,Alexander Zverev,25,GER,2410,Europe
17,,Pablo Carreño Busta,31,ESP,2185,Europe
18,,Alex de Minaur,24,AUS,2050,World
19,,Tommy Paul,25,USA,2010,World
20,,Borna Ćorić,26,CRO,1890,Europe
21,,Lorenzo Musetti,21,ITA,1840,Europe
22,,Matteo Berrettini,26,ITA,1742,Europe
23,,Marin Čilić,34,CRO,1690,Europe
24,,Nick Kyrgios,27,AUS,1555,World
25,,Alejandro Davidovich Fokina,23,ESP,1545,Europe
26,,Sebastian Korda,22,USA,1480,World
27,,Grigor Dimitrov,31,BUL,1450,Europe
28,,Roberto Bautista Agut,34,ESP,1395,Europe
29,,Daniel Evans,32,GBR,1345,Europe
30,,Denis Shapovalov,23,CAN,1345,World
31,,Botic van de Zandschulp,27,NED,1170,Europe
32,,Sebastián Báez,22,ARG,1170,World
33,,Yoshihito Nishioka,27,JPN,1093,World
34,,Tallon Griekspoor,26,NED,1059,Europe
35,,Maxime Cressy,25,USA,1016,World
36,,Ben Shelton,20,USA,999,World
37,,Diego Schwartzman,30,ARG,990,World
38,,Francisco Cerúndolo,24,ARG,970,World
39,,Richard Gasquet,36,FRA,960,Europe
40,,Bernabé Zapata Miralles,26,ESP,952,Europe
41,,Miomir Kecmanović,23,SRB,950,Europe
42,,Jiří Lehečka,21,CZE,943,Europe
43,,Brandon Nakashima,21,USA,927,World
44,,David Goffin,32,BEL,925,Europe
45,,John Isner,37,USA,915,World
46,,Marc-Andrea Hüsler,26,SUI,913,Europe
47,,Benjamin Bonzi,26,FRA,889,Europe
48,,Albert Ramos Viñolas,35,ESP,880,Europe
49,,Mikael Ymer,24,SWE,880,Europe
50,,J.J. Wolf,24,USA,875,World
51,,Alexander Bublik,25,KAZ,865,Europe
52,,Andy Murray,35,GBR,860,Europe
53,,Laslo Djere,27,SRB,860,Europe
54,,Nicolás Jarry,27,CHI,859,World
55,,Emil Ruusuvuori,23,FIN,851,Europe
56,,Alex Molčan,25,SVK,850,Europe
57,,Jack Draper,21,GBR,839,Europe
58,,Lorenzo Sonego,27,ITA,835,Europe
59,,Mackenzie McDonald,27,USA,830,World
60,,Yibing Wu,23,CHN,828,World
61,,Adrian Mannarino,34,FRA,826,Europe
62,,Grégoire Barrère,29,FRA,803,Europe
63,,Constant Lestienne,30,FRA,798,Europe
64,,Federico Coria,31,ARG,795,World
65,,Nuno Borges,26,POR,783,Europe
66,,Corentin Moutet,23,FRA,780,Europe
67,,Pedro Cachín,27,ARG,757,World
68,,Marcos Giron,29,USA,746,World
69,,Jenson Brooksby,22,USA,740,World
70,,Jason Kubler,29,AUS,733,World
71,,Márton Fucsovics,31,HUN,732,Europe
72,,Dušan Lajović,32,SRB,728,Europe
73,,Arthur Rinderknech,27,FRA,721,Europe
74,,Soonwoo Kwon,25,KOR,719,World
75,,Filip Krajinović,31,SRB,715,Europe
76,,Tomás Martín Etcheverry,23,ARG,714,World
77,,Ilya Ivashka,29,BLR,706,Europe
78,,Ugo Humbert,24,FRA,698,Europe
79,,Cristian Garín,26,CHI,688,World
80,,Jaume Munar,25,ESP,675,Europe
81,,Thiago Monteiro,28,BRA,674,World
82,,Jordan Thompson,28,AUS,668,World
83,,Roberto Carballés Baena,29,ESP,660,Europe
84,,Christopher O'Connell,28,AUS,657,World
85,,Stan Wawrinka,37,SUI,647,Europe
86,,Oscar Otte,29,GER,641,Europe
87,,Michael Mmoh,25,USA,633,World
88,,Zhizhen Zhang,26,CHN,625,World
89,,Alexei Popyrin,23,AUS,611,World
90,,Quentin Halys,26,FRA,611,Europe
91,,Daniel Elahi Galán,26,COL,610,World
92,,Marco Cecchinato,30,ITA,605,Europe
93,,Fabio Fognini,35,ITA,593,Europe
94,,Max Purcell,24,AUS,586,World
95,,Emilio Gómez,31,ECU,577,World
96,,Juan Pablo Varillas,27,PER,572,World
97,,Taro Daniel,30,JPN,567,World
98,,Jan Lennard Struff,32,GER,559,Europe
99,,Roman Safiullin,25,RUS,557,Europe
100,,Aleksandar Kovačević,24,USA,553,World
101,,Alexander Shevchenko,22,RUS,547,Europe
102,,Hugo Gaston,22,FRA,535,Europe
103,,Radu Albot,33,MDA,523,Europe
104,,Thanasi Kokkinakis,26,AUS,519,World
105,,Luca Van Assche,18,FRA,517,Europe
106,,Daniel Altmaier,24,GER,515,Europe
107,,Dominic Thiem,29,AUT,510,Europe
108,,Hugo Dellien,29,BOL,506,World
109,,Facundo Bagnis,33,ARG,505,World
110,,Pavel Kotov,24,RUS,502,Europe
111,,James Duckworth,31,AUS,502,World
112,,Yosuke Watanuki,24,JPN,500,World
113,,Christopher Eubanks,26,USA,497,World
114,,Francesco Passaro,22,ITA,497,Europe
115,,Matteo Arnaldi,22,ITA,496,Europe
116,,Borna Gojo,25,CRO,495,Europe
117,,Arthur Fils,18,FRA,495,Europe
118,,Juan Manuel Cerúndolo,21,ARG,492,World
119,,Giulio Zeppieri,21,ITA,478,Europe
120,,Gijs Brouwer,27,NED,477,Europe
121,,Aslan Karatsev,29,RUS,475,Europe
122,,Dominic Stricker,20,SUI,466,Europe
123,,Camilo Ugo Carabelli,23,ARG,464,World
124,,Alexandre Müller,26,FRA,453,Europe
125,,Norbert Gombos,32,SVK,444,Europe
126,,Pedro Martínez,25,ESP,441,Europe
127,,Nikoloz Basilashvili,31,GEO,436,Europe
128,,Sebastian Ofner,26,AUT,434,Europe
129,,Yannick Hanfmann,31,GER,432,Europe
130,,Raúl Brancaccio,25,ITA,430,Europe
131,,Fábián Marozsán,23,HUN,428,Europe
132,,Rinky Hijikata,22,AUS,425,World
133,,Denis Kudla,30,USA,424,World
134,,Tomáš Macháč,22,CZE,420,Europe
135,,Lukáš Klein,25,SVK,420,Europe
136,,Reilly Opelka,25,USA,415,World
137,,Dennis Novak,29,AUT,415,Europe
138,,Maximilian Marterer,27,GER,411,Europe
139,,Otto Virtanen,21,FIN,404,Europe
140,,Chun Hsin Tseng,21,TWN,401,World
141,,Hugo Grenier,26,FRA,396,Europe
142,,Jozef Kovalík,30,SVK,396,Europe
143,,Filip Misolic,21,AUT,396,Europe
144,,Liam Broady,29,GBR,393,Europe
145,,Timofey Skatov,22,KAZ,386,Europe
146,,João Sousa,33,POR,383,Europe
147,,Aleksandar Vukic,26,AUS,381,World
148,,Steve Johnson,33,USA,381,World
149,,Tim van Rijthoven,25,NED,380,Europe
150,,Mattia Bellucci,21,ITA,380,Europe
151,,Leandro Riedi,21,SUI,379,Europe
152,,Vasek Pospisil,32,CAN,379,World
153,,Alejandro Tabilo,25,CHI,378,World
154,,Felipe Meligeni Alves,25,BRA,377,World
155,,Elias Ymer,26,SWE,376,Europe
156,,Tung Lin Wu,24,TWN,374,World
157,,Ryan Peniston,27,GBR,374,Europe
158,,Kamil Majchrzak,27,POL,372,Europe
159,,Luca Nardi,19,ITA,372,Europe
160,,Kaichi Uchida,28,JPN,372,World
161,,Jurij Rodionov,23,AUT,371,Europe
162,,Jelle Sels,27,NED,369,Europe
163,,Benoît Paire,33,FRA,367,Europe
164,,Facundo Díaz Acosta,22,ARG,366,World
165,,Jack Sock,30,USA,359,World
166,,Zizou Bergs,23,BEL,359,Europe
167,,Franco Agamenone,29,ITA,359,Europe
168,,Geoffrey Blancaneaux,24,FRA,353,Europe
169,,Francesco Maestrelli,20,ITA,348,Europe
170,,Vít Kopřiva,25,CZE,344,Europe
171,,Antoine Bellier,26,SUI,336,Europe
172,,Juncheng Shang,18,CHN,333,World
173,,Oleksii Krutykh,23,UKR,333,Europe
174,,Zdeněk Kolář,26,CZE,330,Europe
175,,Laurent Lokoli,28,FRA,329,Europe
176,,Luciano Darderi,21,ITA,328,Europe
177,,Zsombor Piros,23,HUN,325,Europe
178,,Riccardo Bonadio,29,ITA,325,Europe
179,,Emilio Nava,21,USA,323,World
180,,Andrea Pellegrino,25,ITA,321,Europe
181,,Federico Delbonis,32,ARG,315,World
182,,Joris De Loore,29,BEL,308,Europe
183,,Alexander Ritschard,28,SUI,306,Europe
184,,Tomás Barrios Vera,25,CHI,305,World
185,,Andrea Collarini,31,ARG,305,World
186,,Nicolas Moreno De Alboran,25,USA,303,World
187,,Hamad Medjedović,19,SRB,302,Europe
188,,Brandon Holt,24,USA,301,World
189,,Gabriel Diallo,21,CAN,300,World
190,,Enzo Couacaud,28,FRA,296,Europe
191,,Gilles Simon,38,FRA,295,Europe
192,,Matteo Gigante,21,ITA,295,Europe
193,,Damir Džumhur,30,BIH,294,Europe
194,,Renzo Olivo,31,ARG,294,World
195,,Adrian Andreev,21,BUL,293,Europe
196,,Antoine Escoffier,31,FRA,289,Europe
197,,Dimitar Kuzmanov,29,BUL,283,Europe
198,,Dalibor Svrčina,20,CZE,280,Europe
199,,Rio Noguchi,24,JPN,280,World
200,,Seong chan Hong,25,KOR,279,World
201,,John Millman,33,AUS,277,World
202,,Nicolás Kicker,30,ARG,273,World
203,,Arthur Cazaux,20,FRA,271,Europe
204,,Altuğ Çelikbilek,26,TUR,271,Europe
205,,Flavio Cobolli,20,ITA,268,Europe
206,,Yu-hsiou Hsu,23,TWN,263,World
207,,Andrea Vavassori,27,ITA,263,Europe
208,,Henri Laaksonen,30,SUI,260,Europe
209,,Nick Hardt,22,DOM,260,World
210,,Lorenzo Giustino,31,ITA,259,Europe
211,,Gauthier Onclin,22,BEL,257,Europe
212,,Jan Choinski,26,GBR,256,Europe
213,,Juan Pablo Ficovich,26,ARG,255,World
214,,Genaro Alberto Olivieri,24,ARG,254,World
215,,Marco Trungelliti,33,ARG,253,World
216,,Frederico Ferreira Silva,28,POR,253,Europe
217,,Zachary Svajda,20,USA,252,World
218,,Miljan Zekić,34,SRB,252,Europe
219,,Evan Furness,24,FRA,251,Europe
220,,Kimmer Coppejans,29,BEL,250,Europe
221,,Thiago Seyboth Wild,23,BRA,247,World
222,,Michael Geerts,28,BEL,245,Europe
223,,Fernando Verdasco,39,ESP,242,Europe
224,,Cem İlkel,27,TUR,242,Europe
225,,Li Tu,26,AUS,242,World
226,,Lloyd Harris,26,RSA,240,World
227,,Alexis Galarneau,24,CAN,240,World
228,,Maximilian Neuchrist,31,AUT,237,Europe
229,,Carlos Taberner,25,ESP,236,Europe
230,,Mitchell Krueger,29,USA,235,World
231,,Mariano Navone,22,ARG,233,World
232,,Ivan Gakhov,26,RUS,233,Europe
233,,Nicholas David Ionel,20,ROU,233,Europe
234,,Tennys Sandgren,31,USA,232,World
235,,Sho Shimabukuro,25,JPN,231,World
236,,Yuta Shimizu,23,JPN,226,World
237,,Nicolás Mejía,23,COL,225,World
238,,Marc Polmans,25,AUS,221,World
239,,Harold Mayot,21,FRA,220,Europe
240,,Thiago Agustín Tirante,21,ARG,220,World
241,,Omar Jasika,25,AUS,219,World
242,,Facundo Mena,30,ARG,218,World
243,,Hernán Casanova,29,ARG,218,World
244,,Bu Yunchaokete,21,CHN,218,World
245,,Santiago Rodríguez Taverna,23,ARG,217,World
246,,Raphaël Collignon,21,BEL,217,Europe
247,,Román Andrés Burruchaga,21,ARG,216,World
248,,Manuel Guinard,27,FRA,214,Europe
249,,Aziz Dougaz,25,TUN,213,World
250,,Pol Martín Tiffon,23,ESP,210,Europe
251,,Dane Sweeny,22,AUS,210,World
252,,Titouan Droguet,21,FRA,209,Europe
253,,Máté Valkusz,24,HUN,207,Europe
254,,Francisco Comesaña,22,ARG,206,World
255,,Nerman Fatić,28,BIH,204,Europe
256,,Nam Hoang Ly,26,VIE,204,World
257,,Valentin Royer,21,FRA,200,Europe
258,,Dominik Koepfer,28,GER,199,Europe
259,,Evgeny Donskoy,32,RUS,197,Europe
260,,Terence Atmane,21,FRA,197,Europe
261,,Oriol Roca Batalla,29,ESP,196,Europe
262,,Lukáš Rosol,37,CZE,195,Europe
263,,Nicolás Álvarez Varona,21,ESP,194,Europe
264,,Dragos Nicolae Madaras,25,SWE,194,Europe
265,,Kacper Żuk,24,POL,194,Europe
266,,Daniel Masur,28,GER,192,Europe
267,,Shintaro Mochizuki,19,JPN,192,World
268,,Juan Bautista Torres,20,ARG,191,World
269,,Abdullah Shelbayh,19,JOR,190,World
270,,Gastão Elias,32,POR,189,Europe
271,,Yasutaka Uchiyama,30,JPN,187,World
272,,Jesper de Jong,22,NED,187,Europe
273,,Alessandro Giannessi,32,ITA,186,Europe
274,,Alexandar Lazarov,25,BUL,186,Europe
275,,Gianluca Mager,28,ITA,186,Europe
276,,Ričardas Berankis,32,LTU,185,Europe
277,,Robin Haase,35,NED,185,Europe
278,,Pablo Llamas Ruiz,20,ESP,184,Europe
279,,James McCabe,19,AUS,184,World
280,,Elmar Ejupovic,30,GER,184,Europe
281,,Dan Added,23,FRA,184,Europe
282,,Steven Diez,32,CAN,183,World
283,,Marek Gengel,27,CZE,183,Europe
284,,Skander Mansouri,27,TUN,183,World
285,,Matheus Pucinelli De Almeida,21,BRA,182,World
286,,Filip Cristian Jianu,21,ROU,181,Europe
287,,Louis Weßels,24,GER,180,Europe
288,,João Lucas Reis Da Silva,22,BRA,178,World
289,,João Domingues,29,POR,178,Europe
290,,Nino Serdarušić,26,CRO,177,Europe
291,,Pablo Andújar,37,ESP,175,Europe
292,,Alexey Vatutin,30,RUS,174,Europe
293,,Alex Michelsen,18,USA,172,World
294,,Denis Yevseyev,29,KAZ,171,Europe
295,,Rudolf Molleker,22,GER,171,Europe
296,,Timo Stodder,26,GER,170,Europe
297,,Daniel Dutra da Silva,34,BRA,170,World
298,,Guido Andreozzi,31,ARG,169,World
299,,Oliver Crawford,23,USA,168,World
300,,Alejandro Moro Cañas,22,ESP,167,Europe
301,,Jay Clarke,24,GBR,167,Europe
302,,Salvatore Caruso,30,ITA,167,Europe
303,,Nikola Milojević,27,SRB,167,Europe
304,,Evan Zhu,24,USA,167,World
305,,Gonzalo Villanueva,28,ARG,167,World
306,,Daniel Rincon,20,ESP,166,Europe
307,,Murkel Dellien,25,BOL,166,World
308,,Ugo Blanchet,24,FRA,162,Europe
309,,Beibit Zhukayev,22,KAZ,161,Europe
310,,Vitaliy Sachko,25,UKR,161,Europe
311,,Álvaro López San Martín,25,ESP,161,Europe
312,,Mikhail Kukushkin,35,KAZ,160,Europe
313,,Lucas Gerch,28,GER,160,Europe
314,,Benjamin Hassan,28,LIB,159,World
315,,Federico Gaio,31,ITA,159,Europe
316,,Moez Echargui,30,TUN,157,World
317,,Giovanni Fonio,24,ITA,157,Europe
318,,Tristan Schoolkate,22,AUS,157,World
319,,Hiroki Moriya,32,JPN,156,World
320,,Gaël Monfils,36,FRA,155,Europe
321,,Illya Marchenko,35,UKR,155,Europe
322,,Daniel Michalski,23,POL,155,Europe
323,,Henri Squire,22,GER,155,Europe
324,,Pablo Cuevas,37,URU,153,World
325,,Maxime Janvier,26,FRA,152,Europe
326,,Adam Walton,23,AUS,150,World
327,,Edan Leshem,26,ISR,150,World
328,,Giovanni Mpetshi Perricard,19,FRA,149,Europe
329,,Dominik Palan,22,CZE,149,Europe
330,,Lukas Neumayer,20,AUT,147,Europe
331,,Max Houkes,22,NED,147,Europe
332,,Nikolás Sánchez Izquierdo,24,ESP,146,Europe
333,,Ulises Blanch,24,USA,144,World
334,,Stefano Travaglia,31,ITA,144,Europe
335,,Peter Gojowczyk,33,GER,141,Europe
336,,Jason Jung,33,TWN,141,World
337,,Viktor Durasovic,26,NOR,140,Europe
338,,Michael Vrbenský,23,CZE,140,Europe
339,,Sebastian Fanselow,31,GER,140,Europe
340,,Cedrik Marcel Stebe,32,GER,138,Europe
341,,Javier Barranco Cosano,24,ESP,138,Europe
342,,Remy Bertola,24,SUI,138,Europe
343,,Alexander Weis,25,ITA,138,Europe
344,,Jonáš Forejtek,22,CZE,137,Europe
345,,Yun-seong Chung,24,KOR,137,World
346,,Alibek Kachmazov,20,RUS,137,Europe
347,,Roberto Quiroz,31,ECU,136,World
348,,Pedro Boscardin Dias,20,BRA,136,World
349,,Daniel Cukierman,27,ISR,136,World
350,,Gerald Melzer,32,AUT,135,Europe
351,,Mathys Erhard,21,FRA,135,Europe
352,,Antoine Hoang,27,FRA,135,Europe
353,,Edoardo Lavagno,24,ITA,135,Europe
354,,Kyle Seelig,25,USA,135,World
355,,Ernesto Escobedo,26,MEX,134,World
356,,Maks Kaśnikowski,19,POL,134,Europe
357,,Evgeny Karlovskiy,28,RUS,134,Europe
358,,Alastair Gray,24,GBR,134,Europe
359,,Alex Martí Pujolras,24,ESP,134,Europe
360,,Valentin Vacherot,24,MON,133,World
361,,Filip Peliwo,29,POL,133,Europe
362,,Dino Prižmić,17,CRO,132,Europe
363,,Andrea Arnaboldi,35,ITA,132,Europe
364,,Gabriel Décamps,23,BRA,132,World
365,,Ernests Gulbis,34,LAT,131,World
366,,Paul Jubb,23,GBR,131,Europe
367,,Stefan Kozlov,25,USA,130,World
368,,Mark Lajal,19,EST,130,World
369,,Sergey Fomin,22,UZB,129,World
370,,Sumit Nagal,25,IND,129,World
371,,Francesco Forti,23,ITA,129,Europe
372,,Calvin Hémery,28,FRA,128,Europe
373,,Mattéo Martineau,24,FRA,126,Europe
374,,Gian Marco Moroni,25,ITA,125,Europe
375,,Alex Rybakov,26,USA,125,World
376,,Billy Harris,28,GBR,125,Europe
377,,Charles Broom,24,GBR,124,Europe
378,,Nick Chappell,30,USA,123,World
379,,Gonçalo Oliveira,28,POR,123,Europe
380,,Alex Bolt,30,AUS,122,World
381,,Mathias Bourgue,29,FRA,122,Europe
382,,Bernard Tomic,30,AUS,122,World
383,,Vladyslav Orlov,27,UKR,122,Europe
384,,Gonzalo Lama,29,CHI,122,World
385,,Eduardo Ribeiro,25,BRA,121,World
386,,Aljaž Bedene,33,SLO,120,World
387,,Stuart Parker,25,GBR,120,Europe
388,,Jakub Menšík,17,CZE,119,Europe
389,,Thomas Fancutt,28,AUS,119,World
390,,Nicolás Álvarez,26,PER,118,World
391,,Oleksandr Ovcharenko,21,UKR,118,Europe
392,,Strong Kirchheimer,27,USA,118,World
393,,Jules Marie,31,FRA,118,Europe
394,,Kenny de Schepper,35,FRA,118,Europe
395,,Sam Querrey,35,USA,117,World
396,,Ergi Kırkın,24,TUR,117,Europe
397,,Clément Chidekh,21,FRA,116,Europe
398,,Mukund Sasikumar,26,IND,116,World
399,,Andrew Paulson,21,CZE,115,Europe
400,,Daniel Cox,32,GBR,115,Europe
401,,Akira Santillan,25,AUS,115,World
402,,Carlos Lopez Montagud,22,ESP,114,Europe
403,,Damien Wenger,23,SUI,114,Europe
404,,Juan Bautista Otegui,24,ARG,114,World
405,,Karl Friberg,23,SWE,114,Europe
406,,Alafia Ayeni,23,USA,113,World
407,,Aidan McHugh,22,GBR,113,Europe
408,,Pierre Hugues Herbert,32,FRA,112,Europe
409,,Max Hans Rehberg,19,GER,112,Europe
410,,Andrey Chepelev,24,RUS,112,Europe
411,,Christian Langmo,26,USA,110,World
412,,Ramkumar Ramanathan,28,IND,110,World
413,,Colin Sinclair,28,NMI,109,World
414,,Govind Nanda,22,USA,108,World
415,,Sascha Gueymard Wayenburg,19,FRA,108,Europe
416,,Jurgen Briand,24,FRA,107,Europe
417,,Clément Tabur,23,FRA,107,Europe
418,,Matías Franco Descotte,28,ARG,107,World
419,,Ajeet Rai,24,NZL,107,World
420,,Bogdan Bobrov,25,RUS,107,Europe
421,,Dmitry Popko,26,KAZ,106,Europe
422,,Dayne Kelly,32,AUS,106,World
423,,Robin Bertrand,20,FRA,106,Europe
424,,Arthur Fery,20,GBR,105,Europe
425,,Christian Harrison,28,USA,103,World
426,,Valerio Aboian,20,ARG,103,World
427,,Egor Gerasimov,30,BLR,102,Europe
428,,Carlos Sánchez Jover,22,ESP,102,Europe
429,,Gianmarco Ferrari,22,ITA,102,Europe
430,,Bjorn Fratangelo,29,USA,101,World
431,,Gustavo Heide,21,BRA,101,World
432,,Martin Damm,19,USA,101,World
433,,Naoki Nakagawa,26,JPN,101,World
434,,Omni Kumar,21,USA,101,World
435,,José Pereira,32,BRA,99,World
436,,Mats Moraing,30,GER,99,Europe
437,,Prajnesh Gunneswaran,33,IND,99,World
438,,Wilson Leite,31,BRA,99,World
439,,Giovanni Oradini,25,ITA,99,Europe
440,,Adrián Menéndez-Maceiras,37,ESP,98,Europe
441,,Elliot Benchetrit,24,MAR,98,World
442,,Mats Rosenkranz,24,GER,98,Europe
443,,Robert Strombachs,23,LAT,98,World
444,,Benjamin Lock,30,ZIM,98,World
445,,Marius Copil,32,ROU,96,Europe
446,,Samuel Vincent Ruggeri,20,ITA,96,Europe
447,,Mirza Bašić,31,BIH,95,Europe
448,,Ben Patael,25,ISR,93,World
449,,Kyrian Jacquet,21,FRA,93,Europe
450,,Khumoyun Sultanov,24,UZB,93,World
451,,Nathan Ponwith,24,USA,93,World
452,,Federico Arnaboldi,22,ITA,93,Europe
453,,Lucas Pouille,29,FRA,92,Europe
454,,Timo Legout,21,FRA,92,Europe
455,,Rubin Statham,35,NZL,91,World
456,,Kalin Ivanovski,18,MKD,91,World
457,,Alberto Barroso Campos,26,ESP,90,Europe
458,,Oscar Jose Gutierrez,29,BRA,90,World
459,,Jacopo Berrettini,24,ITA,89,Europe
460,,Jorge Panta,27,PER,89,World
461,,Mili Poljičak,18,CRO,88,Europe
462,,Sandro Kopp,22,AUT,88,Europe
463,,Oleg Prihodko,25,UKR,87,Europe
464,,Cezar Crețu,21,ROU,87,Europe
465,,Juan Pablo Paz,28,ARG,86,World
466,,Martin Krumich,20,CZE,85,Europe
467,,August Holmgren,24,DEN,85,Europe
468,,Marko Topo,19,GER,84,Europe
469,,Rimpei Kawakami,22,JPN,83,World
470,,Facundo Juárez,25,ITA,83,Europe
471,,Yankı Erel,22,TUR,83,Europe
472,,Lucas Catarina,26,MON,83,World
473,,Pedro Sousa,34,POR,82,Europe
474,,Guido Pella,32,ARG,80,World
475,,Shintaro Imai,29,JPN,80,World
476,,Leonardo Aboian,24,ARG,80,World
477,,Maxime Chazal,29,FRA,80,Europe
478,,Thomas Fabbiano,33,ITA,79,Europe
479,,Ethan Quinn,19,USA,79,World
480,,Matías Zukas,26,ARG,79,World
481,,Andrej Martin,33,SVK,78,Europe
482,,JiSung Nam,29,KOR,78,World
483,,Jérôme Kym,20,SUI,78,Europe
484,,Patrick Kypson,23,USA,78,World
485,,Arklon Huertas Del Pino Cordova,28,PER,78,World
486,,Ilya Snițari,21,MDA,78,Europe
487,,Fausto Tabacco,20,ITA,78,Europe
488,,Malek Jaziri,39,TUN,77,World
489,,Felix Gill,20,GBR,77,Europe
490,,Keegan Smith,24,USA,77,World
491,,Ignacio Monzón,25,ARG,77,World
492,,Jiří Veselý,29,CZE,76,Europe
493,,Orlando Luz,25,BRA,76,World
494,,Gonzalo Bueno,18,PER,76,World
495,,Aidan Mayo,19,USA,76,World
496,,Arthur Weber,30,FRA,75,Europe
497,,Gabriele Piraino,19,ITA,75,Europe
498,,Eliakim Coulibaly,20,CIV,75,World
499,,Jakub Paul,24,SUI,75,Europe
500,,Alfredo Perez,25,USA,75,World
501,,David Pichler,27,AUT,75,Europe
502,,Gabriel Debru,17,FRA,74,Europe
503,,Marcello Serafini,20,ITA,74,Europe
504,,Gabi Adrian Boitan,23,ROU,73,Europe
505,,Philip Sekulic,19,AUS,73,World
506,,Tristan Lamasine,30,FRA,73,Europe
507,,Kris Van Wyk,26,RSA,73,World
508,,Eric Vanshelboim,21,UKR,73,Europe
509,,Kyle Edmund,28,GBR,72,Europe
510,,Sam Riffice,24,USA,72,World
511,,Lucas Miedler,26,AUT,72,Europe
512,,Filip Horanský,30,SVK,72,Europe
513,,Shinji Hazawa,23,JPN,72,World
514,,Daniel Mérida,18,ESP,72,Europe
515,,Giles Hussey,25,GBR,72,Europe
516,,Johan Nikles,25,SUI,71,Europe
517,,Adria Soriano Barrera,23,ESP,71,Europe
518,,Luca Potenza,22,ITA,71,Europe
519,,Lucas Poullain,27,FRA,70,Europe
520,,Luke Saville,29,AUS,70,World
521,,Hady Habib,24,LIB,70,World
522,,David Jordá Sanchis,28,ESP,70,Europe
523,,Yishai Oliel,23,ISR,70,World
524,,Gergely Madarász,28,HUN,69,Europe
525,,Duje Ajduković,22,CRO,69,Europe
526,,Constantin Bittoun Kouzmine,24,FRA,69,Europe
527,,Leo Borg,19,SWE,69,Europe
528,,Ezekiel Clark,24,USA,69,World
529,,Saba Purtseladze,21,GEO,69,Europe
530,,Simon Beaupain,23,BEL,68,Europe
531,,Alex Barrena,20,ARG,68,World
532,,Tao Mu,22,CHN,68,World
533,,Andrey Kuznetsov,32,RUS,67,Europe
534,,Iñaki Montes De La Torre,20,ESP,67,Europe
535,,Shuichi Sekiguchi,31,JPN,67,World
536,,Jaimee Floyd Angele,22,FRA,67,Europe
537,,Gage Brymer,28,USA,67,World
538,,Makoto Ochi,26,JPN,66,World
539,,Andreas Seppi,39,ITA,65,Europe
540,,Murphy Cassone,20,USA,65,World
541,,Alexandr Cozbinov,27,MDA,65,Europe
542,,Sekou Bangoura,31,USA,64,World
543,,Toby Samuel,20,GBR,63,Europe
544,,Ryan Harrison,30,USA,62,World
545,,Matías Soto,23,CHI,62,World
546,,Sean Cuenin,19,FRA,62,Europe
547,,Daniele Capecchi,27,ITA,62,Europe
548,,Fajing Sun,26,CHN,62,World
549,,Mark Whitehouse,29,GBR,62,Europe
550,,Andrés Andrade,24,ECU,61,World
551,,José Fco. Vidal Azorín,29,ESP,61,Europe
552,,Duarte Vale,24,POR,61,Europe
553,,Mateus Alves,22,BRA,60,World
554,,Cannon Kingsley,21,USA,60,World
555,,Stefan Palosi,23,ROU,60,Europe
556,,Amr Elsayed,24,EGY,60,World
557,,Roberto Marcora,33,ITA,59,Europe
558,,Peter Fajta,20,HUN,59,Europe
559,,Mohamed Safwat,32,EGY,59,World
560,,Aldin Šetkić,35,BIH,59,Europe
561,,Emilien Voisin,22,FRA,58,Europe
562,,Mirko Martinez,24,SUI,58,Europe
563,,Stefano Napolitano,27,ITA,58,Europe
564,,Max Alcalá Gurri,20,ESP,58,Europe
565,,Matthew Dellavedova,22,AUS,58,World
566,,Johannus Monday,21,GBR,57,Europe
567,,Justin Boulais,21,CAN,57,World
568,,Rigele Te,25,CHN,57,World
569,,Tsung Hao Huang,23,TWN,57,World
570,,Georgii Kravchenko,22,UKR,57,Europe
571,,Arthur Reymond,23,FRA,57,Europe
572,,Matija Pecotić,33,CRO,56,Europe
573,,Jack Pinnington Jones,19,GBR,56,Europe
574,,Carlos Gimeno Valero,21,ESP,56,Europe
575,,Julian Lenz,30,GER,56,Europe
576,,Konstantin Kravchuk,38,RUS,56,Europe
577,,Tristan McCormick,23,USA,56,World
578,,Alexis Gautier,25,FRA,56,Europe
579,,Federico Iannaccone,23,ITA,56,Europe
580,,Sebastian Gima,20,ROU,56,Europe
581,,Sebastian Prechtel,26,GER,56,Europe
582,,Stefanos Sakellaridis,18,GRE,56,Europe
583,,Andres Martin,21,USA,55,World
584,,Feliciano López,41,ESP,55,Europe
585,,Blake Ellis,24,AUS,54,World
586,,Peter Heller,30,GER,54,Europe
587,,Rrezart Cungu,24,MNE,54,World
588,,Jaime Faria,19,POR,54,Europe
589,,Henrique Rocha,18,POR,53,Europe
590,,Digvijaypratap Singh,22,IND,53,World
591,,Lorenzo Rottoli,21,ITA,53,Europe
592,,Tatsuma Ito,34,JPN,52,World
593,,Liam Draxl,21,CAN,52,World
594,,Yusuke Takahashi,25,JPN,52,World
595,,Jorge Martinez Martinez,27,ESP,52,Europe
596,,Tomás Farjat,22,ARG,52,World
597,,Martín Cuevas,31,URU,51,World
598,,Kiranpal Pannu,26,NZL,51,World
599,,David Poljak,26,CZE,51,Europe
600,,Szymon Kielan,20,POL,51,Europe
601,,John Echeverria,21,ESP,51,Europe
602,,Harry Wendelken,21,GBR,51,Europe
603,,James Trotter,23,JPN,50,World
604,,Donald Young,33,USA,50,World
605,,Conner Huertas del Pino,27,PER,50,World
606,,Luca Tomasetto,26,ITA,50,Europe
607,,Jiri Barnat,21,CZE,50,Europe
608,,Lukáš Pokorný,21,SVK,50,Europe
609,,Nicola Kuhn,23,GER,49,Europe
610,,Bruno Kuzuhara,18,USA,49,World
611,,Alex Knaff,25,LUX,49,World
612,,Tibo Colson,22,BEL,49,Europe
613,,Nicolas Zanellato,21,BRA,49,World
614,,Colin Markes,26,USA,49,World
615,,Kasidit Samrej,22,THA,48,World
616,,Imanol López Morillo,23,ESP,48,Europe
617,,Simone Roncalli,26,ITA,48,Europe
618,,Aleksandre Metreveli,29,GEO,48,Europe
619,,Fermin Tenti,25,ARG,48,World
620,,Kai Wehnelt,27,GER,48,Europe
621,,Henry Patten,26,GBR,47,Europe
622,,Corentin Denolly,25,FRA,47,Europe
623,,Jeremy Jahn,32,GER,47,Europe
624,,Enrico Dalla Valle,25,ITA,47,Europe
625,,Federico Agustin Gomez,26,ARG,47,World
626,,Toby Kodat,20,USA,47,World
627,,Juan Ignacio Lóndero,29,ARG,46,World
628,,Alec Deckers,22,NED,46,Europe
629,,Nicolás Barrientos,35,COL,46,World
630,,Alexander Bernard,19,USA,46,World
631,,Kirill Kivattsev,25,RUS,46,Europe
632,,Neil Oberleitner,23,AUT,46,Europe
633,,Jérémy Chardy,36,FRA,45,Europe
634,,Giorgio Tabacco,19,ITA,45,Europe
635,,Yuki Mochizuki,25,JPN,45,World
636,,Peter Bertran,27,DOM,45,World
637,,Ryan Nijboer,23,NED,45,Europe
638,,Jerzy Janowicz,32,POL,44,Europe
639,,Savva Polukhin,24,RUS,44,Europe
640,,Ryota Tanuma,27,JPN,44,World
641,,Michail Pervolarakis,26,GRE,44,Europe
642,,Evgeny Philippov,21,RUS,44,Europe
643,,Franco Emanuel Egea,27,ARG,44,World
644,,Stefan Popović,19,SRB,44,Europe
645,,Denis Istomin,36,UZB,43,World
646,,Florent Bax,23,FRA,43,Europe
647,,Kristjan Tamm,24,EST,43,World
648,,Petr Nouza,24,CZE,42,Europe
649,,Mika Brunold,18,SUI,42,Europe
650,,Alejo Lorenzo Lingua Lavallén,22,ARG,42,World
651,,Viacheslav Bielinskyi,19,UKR,42,Europe
652,,Koray Kırcı,24,TUR,42,Europe
653,,Daniel Little,25,GBR,42,Europe
654,,Stefan Dostanic,21,USA,41,World
655,,Cheong Eui Kim,32,KOR,41,World
656,,Nicolae Frunză,25,ROU,41,Europe
657,,Martyn Pawelski,18,POL,41,Europe
658,,Miguel Damas,23,ESP,41,Europe
659,,Riccardo Balzerani,24,ITA,41,Europe
660,,Hazem Naw,23,SYR,41,World
661,,Christoph Negritu,29,GER,41,Europe
662,,Marat Sharipov,20,RUS,41,Europe
663,,Arthur Bouquier,22,FRA,41,Europe
664,,Garrett Johns,22,USA,40,World
665,,Roberto Cid Subervi,29,DOM,40,World
666,,Kyle Kang,18,USA,40,World
667,,Bekkhan Atlangeriev,22,RUS,40,Europe
668,,Andrea Picchione,24,ITA,40,Europe
669,,Yanaki Milev,18,BUL,39,Europe
670,,Blu Baker,21,GBR,39,Europe
671,,Oscar Weightman,21,GBR,39,Europe
672,,David Pérez Sanz,28,ESP,39,Europe
673,,Dominik Böhler,27,GER,39,Europe
674,,Sahar Simon,22,ISR,39,World
675,,Victor Lilov,19,USA,39,World
676,,Niki Kaliyanda Poonacha,27,IND,39,World
677,,Uisung Park,22,KOR,38,World
678,,Matyas Fuele,24,HUN,38,Europe
679,,Ryuki Matsuda,23,JPN,38,World
680,,Lilian Marmousez,21,FRA,38,Europe
681,,Zura Tkemaladze,22,GEO,38,Europe
682,,Lorenzo Bocchi,25,ITA,38,Europe
683,,Zhe Li,36,CHN,37,World
684,,Ignacio Buse,18,PER,37,World
685,,Alex Hernandez,23,MEX,37,World
686,,Bor Artnak,18,SLO,37,World
687,,Juan Ignacio Galarza,29,ARG,37,World
688,,Alec Beckley,21,RSA,37,World
689,,Tommaso Compagnucci,23,ITA,37,Europe
690,,Tim Handel,26,GER,37,Europe
691,,Shunsuke Mitsui,20,JPN,36,World
692,,Anton Matusevich,21,GBR,36,Europe
693,,Chak Lam Coleman Wong,18,HKG,36,World
694,,Olaf Pieczkowski,18,POL,36,Europe
695,,Maxime Mora,25,FRA,36,Europe
696,,Adolfo Daniel Vallejo,18,PAR,36,World
697,,Dan Alexandru Tomescu,23,ROU,36,Europe
698,,Olle Wallin,21,SWE,35,Europe
699,,Christopher Heyman,29,BEL,35,Europe
700,,Edward Winter,18,AUS,35,World
701,,George Loffhagen,21,GBR,35,Europe
702,,Matteo Donati,28,ITA,35,Europe
703,,Manuel Mazza,23,ITA,35,Europe
704,,Keisuke Saitoh,21,JPN,35,World
705,,Daniel Rodrigues,23,POR,35,Europe
706,,Aleksandre Bakshi,25,GEO,35,Europe
707,,Benjamin Winter Lopez,24,ESP,35,Europe
708,,Orel Kimhi,19,ISR,35,World
709,,Lautaro Midon,18,ARG,34,World
710,,Duje Kekez,29,CRO,34,Europe
711,,Elmer Møller,19,DEN,34,Europe
712,,Joshua Sheehy,26,USA,34,World
713,,Sidane Pontjodikromo,22,NED,34,Europe
714,,Sergi Perez Contri,25,ESP,34,Europe
715,,Gilbert Klier Junior,22,BRA,33,World
716,,Mick Veldheer,26,NED,33,Europe
717,,Adam Moundir,27,MAR,33,World
718,,Simon Anthony Ivanov,22,BUL,33,Europe
719,,Fernando Yamacita,25,BRA,33,World
720,,Andrea Guerrieri,24,ITA,33,Europe
721,,Davide Galoppini,28,ITA,33,Europe
722,,Marcelo Zormann,26,BRA,32,World
723,,Xiaofei Wang,20,CHN,32,World
724,,Denis Klok,24,RUS,32,Europe
725,,Pedja Krstin,28,SRB,32,Europe
726,,Matthias Bachinger,35,GER,31,Europe
727,,Paweł Ciaś,29,POL,31,Europe
728,,Ivan Nedelko,36,RUS,31,Europe
729,,Cyril Vandermeersch,23,FRA,31,Europe
730,,Sidharth Rawat,29,IND,31,World
731,,Palaphoom Kovapitukted,23,THA,31,World
732,,Petr Nesterov,20,BUL,31,Europe
733,,Daisuke Sumizawa,24,JPN,31,World
734,,Marco Miceli,24,ITA,31,Europe
735,,Lukas Krainer,22,AUT,31,Europe
736,,Hanwen Li,20,CHN,31,World
737,,Osgar O'Hoisin,26,IRL,31,World
738,,Quentin Folliot,24,FRA,31,Europe
739,,Attila Balázs,34,HUN,30,Europe
740,,Chris Rodesch,21,LUX,30,World
741,,Hynek Bartoň,18,CZE,30,Europe
742,,Antoine Ghibaudo,18,FRA,30,Europe
743,,Simon Carr,23,IRL,30,World
744,,Mario Gonzalez Fernandez,20,ESP,30,Europe
745,,Pedro Araújo,20,POR,30,Europe
746,,Tadeáš Paroulek,23,CZE,29,Europe
747,,Radu Mihai Papoe,20,ROU,29,Europe
748,,Jonathan Mridha,27,SWE,29,Europe
749,,Vlad Andrei Dancu,24,ROU,29,Europe
750,,Luigi Sorrentino,24,ITA,29,Europe
751,,Ignacio Carou,23,URU,29,World
752,,Felix Corwin,26,USA,28,World
753,,Alexander Erler,25,AUT,28,Europe
754,,Jea Moon Lee,29,KOR,28,World
755,,Yuta Kikuchi,23,JPN,28,World
756,,Guy Den Ouden,20,NED,28,Europe
757,,Manish Sureshkumar,23,IND,28,World
758,,Kareem Al Allaf,25,USA,28,World
759,,S D Prajwal Dev,26,IND,28,World
760,,Álvaro Guillén Meza,20,ECU,28,World
761,,Patrik Rikl,24,CZE,27,Europe
762,,Roko Horvat,21,CRO,27,Europe
763,,Michiel De Krom,24,NED,27,Europe
764,,Enzo Wallart,26,FRA,27,Europe
765,,Edas Butvilas,18,LTU,27,Europe
766,,Savriyan Danilov,22,RUS,27,Europe
767,,Tomás Lipovšek Puches,29,ARG,27,World
768,,Niklas Schell,24,GER,27,Europe
769,,Vilius Gaubas,18,LTU,27,Europe
770,,Calum Puttergill,29,AUS,27,World
771,,Daniil Glinka,22,EST,27,World
772,,Călin Manda,24,ROU,27,Europe
773,,Bruno Pujol Navarro,21,ESP,27,Europe
774,,Bradley Klahn,32,USA,26,World
775,,Santiago De La Fuente,21,ARG,26,World
776,,Deney Wassermann,21,NED,26,Europe
777,,Nicolas Buitrago,24,COL,26,World
778,,Tom Gentzsch,19,GER,26,Europe
779,,Pavel Nejedlý,30,CZE,26,Europe
780,,Franco Roncadelli,23,URU,26,World
781,,Maxence Beaugé,22,FRA,26,Europe
782,,Boris Butulija,24,SRB,26,Europe
783,,Micah Braswell,21,USA,25,World
784,,Yuki Bhambri,30,IND,25,World
785,,Pedro Rodenas,18,ESP,25,Europe
786,,Fabrizio Andaloro,22,ITA,25,Europe
787,,Learner Tien,17,USA,25,World
788,,Mariano Kestelboim,27,ARG,25,World
789,,Blaise Bicknell,21,JAM,25,World
790,,Alexander Donski,24,BUL,25,Europe
791,,Luciano Emanuel Ambrogi,19,ARG,25,World
792,,Matěj Vocel,25,CZE,24,Europe
793,,JC Aragone,27,USA,24,World
794,,Darian King,30,BAR,24,World
795,,Julian Ocleppo,25,ITA,24,Europe
796,,Christian Sigsgaard,26,DEN,24,Europe
797,,Jake Delaney,25,AUS,24,World
798,,Andrea Basso,29,ITA,24,Europe
799,,Duck-hee Lee,24,KOR,24,World
800,,Ilia Simakin,19,RUS,24,Europe
801,,Thomas Deschamps,24,FRA,24,Europe
802,,Johannes Härteis,27,GER,24,Europe
803,,Nicolas Tepmahc,21,FRA,24,Europe
804,,Ray Ho,23,TWN,24,World
805,,Alex Martinez,22,ESP,23,Europe
806,,Marvin Möller,24,GER,23,Europe
807,,Yan Bondarevskiy,23,RUS,23,Europe
808,,Buvaysar Gadamauri,22,BEL,23,Europe
809,,Mathieu Scaglia,24,FRA,23,Europe
810,,Alejandro Hoyos,23,COL,23,World
811,,Alejandro Manzanera Pertusa,19,ESP,23,Europe
812,,Maciej Rajski,31,POL,22,Europe
813,,Lorenzo Joaquín Rodríguez,23,ARG,22,World
814,,Illya Beloborodko,21,UKR,22,Europe
815,,Kazuma Kawachi,28,JPN,22,World
816,,Joao Victor Couto Loureiro,19,BRA,22,World
817,,Stefano Battaglino,24,ITA,22,Europe
818,,Johannes Ingildsen,25,DEN,22,Europe
819,,Dali Blanch,20,USA,22,World
820,,Mikalai Haliak,24,BLR,22,Europe
821,,Amaury Raynel,20,FRA,22,Europe
822,,Federico Zeballos,34,BOL,21,World
823,,Juan Carlos Prado Angelo,18,BOL,21,World
824,,Davide Pontoglio,30,ITA,21,Europe
825,,Jarno Jans,22,NED,21,Europe
825,,Filippo Baldi,27,ITA,21,Europe
827,,Khololwam Montsi,20,RSA,21,World
828,,Eduard Esteve Lobato,28,ESP,21,Europe
829,,Roy Smith,24,USA,21,World
830,,Lucas Renard,30,SWE,21,Europe
831,,Ricardo Rodriguez Pace,29,VEN,21,World
832,,Svyatoslav Gulin,20,RUS,21,Europe
833,,Taisei Ichikawa,22,JPN,21,World
834,,Kosuke Ogura,27,JPN,21,World
835,,Joao Fonseca,16,BRA,20,World
836,,Max Basing,20,GBR,20,Europe
837,,John McNally,24,USA,20,World
838,,Tyler Zink,22,USA,20,World
839,,Taha Baadi,21,CAN,20,World
840,,Yunseok Jang,19,KOR,20,World
841,,Aleksandr Braynin,23,UKR,20,Europe
842,,Leonardo Rossi,20,ITA,20,Europe
843,,Oleksandr Bielinskyi,28,UKR,20,Europe
844,,Guido Iván Justo,25,ARG,19,World
845,,Nicolas Kobelt,18,SUI,19,Europe
846,,Jeremy Jin,18,AUS,19,World
847,,Mitchell Harper,25,AUS,19,World
848,,Florian Broska,25,GER,19,Europe
849,,Alexandre Aubriot,23,FRA,19,Europe
850,,Ivan Liutarevich,27,BLR,19,Europe
851,,Nino Ehrenschneider,21,GER,18,Europe
852,,Cristian Rodríguez,32,COL,18,World
853,,Yeong Seok Jeong,23,KOR,18,World
854,,Alexandr Binda,21,RUS,18,Europe
855,,Luca Giacomini,25,ITA,18,Europe
856,,Gabriel Alejandro Hidalgo,32,ARG,18,World
857,,Raphaël Lambling,22,FRA,18,Europe
858,,Gabriele Pennaforti,22,ITA,18,Europe
859,,Gabriel Donev,26,BUL,18,Europe
860,,Jacob Bradshaw,20,AUS,18,World
861,,Matej Dodig,17,CRO,17,Europe
862,,Patrick Maloney,23,USA,17,World
863,,Adrien Gobat,21,FRA,17,Europe
864,,Jie Cui,25,CHN,17,World
865,,Alan Fernando Rubio Fierros,24,MEX,17,World
866,,Takuya Kumasaka,24,JPN,17,World
867,,Jakob Schnaitter,27,GER,17,Europe
868,,Stefano Reitano,25,ITA,17,Europe
869,,Nicolas Parizzia,24,SUI,17,Europe
870,,Philip Florig,19,GER,17,Europe
871,,Kokoro Isomura,20,JPN,17,World
872,,Diego Fernandez Flores,22,CHI,17,World
873,,Filippo Speziali,22,ITA,17,Europe
874,,Karan Singh,19,IND,17,World
875,,Dušan Obradović,21,SRB,17,Europe
876,,Leopold Zima,22,GER,17,Europe
877,,Gabriele Maria Noce,27,ITA,17,Europe
878,,Aziz Ouakaa,23,TUN,17,World
879,,Koki Matsuda,22,JPN,16,World
880,,Joshua Goodger,24,GBR,16,Europe
881,,Blake Mott,26,AUS,16,World
882,,Íñigo Cervantes,33,ESP,16,Europe
883,,Renta Tokuda,24,JPN,16,World
884,,Andrea Bacaloni,20,ITA,16,Europe
885,,Yuichiro Inui,27,JPN,16,World
886,,Masamichi Imamura,24,JPN,16,World
887,,Connor Farren,28,USA,16,World
888,,Aleksi Lofman,21,FIN,16,Europe
889,,Ben Jones,24,GBR,16,Europe
890,,Moerani Bouzige,23,AUS,16,World
891,,Jonathan Eysseric,32,FRA,15,Europe
892,,Menelaos Efstathiou,24,CYP,15,World
893,,Yūichi Sugita,34,JPN,15,World
894,,Evgenii Tiurnev,25,RUS,15,Europe
895,,Aziz Kijametovic,26,BIH,15,Europe
896,,Filip Bergevi,28,SWE,15,Europe
897,,Francois Musitelli,24,FRA,15,Europe
898,,Karim Mohamed Maamoun,31,EGY,15,World
899,,Luca Wiedenmann,24,GER,15,Europe
900,,Jeremy Beale,28,AUS,15,World
901,,Takuto Niki,35,JPN,15,World
902,,Marco Brugnerotto,26,ITA,15,Europe
903,,Arvid Nordquist,24,SWE,15,Europe
904,,Seydina Andre,19,SEN,15,World
905,,Nikolay Vylegzhanin,22,RUS,15,Europe
906,,Thiago Cigarran,22,ARG,15,World
907,,Nathan Seateun,25,FRA,15,Europe
908,,Ken Cavrak,22,AUS,15,World
909,,Niccolo Catini,25,ITA,15,Europe
910,,Cayetano March,22,ECU,15,World
911,,Sebastian Sorger,17,AUT,15,Europe
912,,Lukáš Palovič,21,SVK,15,Europe
913,,Wishaya Trongcharoenchaikul,27,THA,15,World
914,,Lucas Bouquet,25,FRA,15,Europe
915,,Luca Castagnola,20,ITA,15,Europe
916,,William Blumberg,25,USA,14,World
917,,Giacomo Dambrosi,21,ITA,14,Europe
917,,Haoyuan Huang,20,CHN,14,World
919,,Thomaz Bellucci,35,BRA,14,World
920,,Patrick Brady,18,GBR,14,Europe
921,,Vito Tonejc,23,CRO,14,Europe
922,,Kazuki Nishiwaki,28,JPN,14,World
923,,Mac Kiger,24,USA,14,World
924,,A.J. Catanzariti,27,USA,14,World
925,,Maxence Broville,24,FRA,14,Europe
926,,Kelsey Stevenson,32,CAN,14,World
927,,Brandon Walkin,28,AUS,14,World
928,,Jesse Flores,27,CRC,14,World
929,,Domagoj Bilješko,25,CRO,14,Europe
930,,Thai Son Kwiatkowski,28,USA,13,World
931,,Sander Jong,22,NED,13,Europe
932,,Mikael Torpegaard,28,DEN,13,Europe
933,,Alexander Blockx,17,BEL,13,Europe
934,,Jordan Hasson,23,ISR,13,World
935,,Younes Lalami Laaroussi,21,MAR,13,World
936,,Cash Hanzlik,20,USA,13,World
937,,Julio César Porras,25,ARG,13,World
938,,Inaki Cabrera Bello,20,ESP,13,Europe
939,,Aidan Kim,18,USA,13,World
940,,Juan Carlos Aguilar,24,CAN,13,World
941,,Juan Sebastián Gómez,31,COL,13,World
942,,Grigoriy Lomakin,25,KAZ,13,Europe
943,,Derek Pham,18,AUS,13,World
944,,Alexander Zgirovsky,21,BLR,13,Europe
945,,Dax Donders,22,NED,13,Europe
946,,Yuttana Charoenphon,22,THA,13,World
947,,Matthieu Perchicot,30,FRA,13,Europe
948,,Marlon Vankan,22,GER,13,Europe
949,,Peter Benjamin Privara,18,SVK,13,Europe
950,,Maik Steiner,28,GER,13,Europe
950,,Samir Hamza Reguig,21,ALG,13,World
952,,Nitin Kumar Sinha,24,IND,13,World
953,,Jacob Brumm,24,USA,13,World
954,,Alexandros Skorilas,23,GRE,13,Europe
955,,Maximus Jones,18,THA,13,World
956,,Matthew Ebden,35,AUS,12,World
957,,Boris Fassbender,25,FRA,12,Europe
958,,William Grant,22,USA,12,World
959,,João Menezes,26,BRA,12,World
960,,Sebastian Dominko,19,SLO,12,World
961,,Adrian Bodmer,28,SUI,12,Europe
962,,Jannik Opitz,24,GER,12,Europe
963,,Alexander Kotzen,22,USA,12,World
964,,Isaac Becroft,22,NZL,12,World
965,,Yassine Dlimi,19,MAR,12,World
966,,Alexandru Jecan,34,ROU,12,Europe
967,,Kristijan Juhas,21,SRB,12,Europe
968,,Gilles Arnaud Bailly,17,BEL,12,Europe
969,,Marcel Zielinski,22,POL,12,Europe
970,,Emil Reinberg,25,USA,12,World
971,,Kody Pearson,23,AUS,12,World
972,,Kai Lemstra,23,GER,12,Europe
973,,Lorenzo Gagliardo,22,ARG,12,World
974,,Luca Castelnuovo,26,SUI,12,Europe
975,,Milan Welte,21,GER,12,Europe
976,,Lorenzo Claverie,20,ITA,12,Europe
977,,Mwendwa Mbithi,25,USA,12,World
978,,Bogdan Ionuț Apostol,27,ROU,12,Europe
979,,Oscar Moraing,23,GER,12,Europe
979,,Seita Watanabe,22,JPN,12,World
981,,Maxim Zhukov,18,RUS,12,Europe
982,,Paul Wörner,26,GER,12,Europe
983,,Xavi Matas Ortega,20,ESP,12,Europe
984,,Rishab Agarwal,27,IND,12,World
985,,Alexander Crnokrak,23,AUS,12,World
986,,Leonid Sheyngezikht,22,BUL,12,Europe
987,,Igor Gimenez,23,BRA,12,World
988,,Adrian Oetzbach,25,GER,12,Europe
989,,Michael Zheng,19,USA,11,World
990,,Tobias Kamke,36,GER,11,Europe
991,,Patrick Zahraj,23,GER,11,Europe
992,,Petros Chrysochos,26,CYP,11,World
993,,Noah Rubin,27,USA,11,World
994,,Rayane Roumane,22,ALG,11,World
995,,James Tracy,20,USA,11,World
996,,Siddharth Vishwakarma,28,IND,11,World
997,,Lorenzo Bresciani,22,ITA,11,Europe
998,,Arthur Géa,18,FRA,11,Europe
999,,Justin Roberts,26,BAH,11,World
1000,,Chad Kissell,26,USA,11,World